{
    "rmse": 0.6909798272539834,
    "mae": 0.5528991979074754,
    "r2": 0.23435997166140998
}